fraction	superkingdom	phylum	class	order	family	genus	species
0.012394171061699476	d__Bacteria	p__Bacteroidota	c__Bacteroidia	o__Bacteroidales	f__Bacteroidaceae	g__Bacteroides	s__Bacteroides caccae
0.011512188851316368	d__Bacteria	p__Proteobacteria	c__Gammaproteobacteria	o__Enterobacterales	f__Enterobacteriaceae	g__Escherichia	s__Escherichia coli
0.011305083716894423	d__Bacteria	p__Bacteroidota	c__Bacteroidia	o__Bacteroidales	f__Bacteroidaceae	g__Phocaeicola	s__Phocaeicola vulgatus
0.01087301955715209	d__Bacteria	p__Bacteroidota	c__Bacteroidia	o__Bacteroidales	f__Bacteroidaceae	g__Bacteroides	s__Bacteroides ovatus
0.010558791077339485	d__Bacteria	p__Firmicutes_A	c__Clostridia	o__Lachnospirales	f__Lachnospiraceae	g__Blautia_A	s__Blautia_A faecis
0.010030315906745557	d__Bacteria	p__Bacteroidota	c__Bacteroidia	o__Bacteroidales	f__Bacteroidaceae	g__Bacteroides	s__Bacteroides uniformis
0.009623247194261044	d__Bacteria	p__Firmicutes_A	c__Clostridia	o__Lachnospirales	f__Lachnospiraceae	g__Blautia_A	s__Blautia_A wexlerae
0.00961253485972198	d__Bacteria	p__Actinobacteriota	c__Coriobacteriia	o__Coriobacteriales	f__Eggerthellaceae	g__Eggerthella	s__Eggerthella sp014287365
0.009084059689128052	d__Bacteria	p__Firmicutes_C	c__Negativicutes	o__Veillonellales	f__Megasphaeraceae	g__Caecibacter	s__Caecibacter hominis
0.008312771602315293	d__Bacteria	p__Firmicutes_A	c__Clostridia	o__Lachnospirales	f__Lachnospiraceae	g__Blautia_A	s__Blautia_A obeum
0.008098524911533971	d__Bacteria	p__Firmicutes_A	c__Clostridia	o__Lachnospirales	f__Lachnospiraceae	g__UMGS1375	s__UMGS1375 sp900066615
0.007816433435338563	d__Bacteria	p__Bacteroidota	c__Bacteroidia	o__Bacteroidales	f__Bacteroidaceae	g__Bacteroides	s__Bacteroides stercoris
0.00779857954444012	d__Bacteria	p__Firmicutes_A	c__Clostridia	o__Lachnospirales	f__Lachnospiraceae	g__Blautia_A	s__Blautia_A sp003474435
0.007609328300916619	d__Bacteria	p__Firmicutes_A	c__Clostridia	o__Lachnospirales	f__Lachnospiraceae	g__Fusicatenibacter	s__Fusicatenibacter saccharivorans
0.007487921842807203	d__Bacteria	p__Firmicutes_A	c__Clostridia	o__Oscillospirales	f__Ruminococcaceae	g__Gemmiger	s__Gemmiger qucibialis
0.007262962817486815	d__Bacteria	p__Firmicutes_A	c__Clostridia	o__Lachnospirales	f__Lachnospiraceae	g__Enterocloster	s__Enterocloster sp900541315
0.007230825813869616	d__Bacteria	p__Firmicutes_A	c__Clostridia	o__Oscillospirales	f__Oscillospiraceae	g__Flavonifractor	s__Flavonifractor sp000508885
0.007148697915736776	d__Bacteria	p__Firmicutes_A	c__Clostridia	o__Lachnospirales	f__Lachnospiraceae	g__Agathobacter	s__Agathobacter rectalis
0.007112990133939889	d__Bacteria	p__Bacteroidota	c__Bacteroidia	o__Bacteroidales	f__Rikenellaceae	g__Alistipes	s__Alistipes putredinis
0.007038003792166427	d__Bacteria	p__Bacteroidota	c__Bacteroidia	o__Bacteroidales	f__Bacteroidaceae	g__Bacteroides	s__Bacteroides thetaiotaomicron
0.007020149901267984	d__Bacteria	p__Bacteroidota	c__Bacteroidia	o__Bacteroidales	f__Rikenellaceae	g__Alistipes	s__Alistipes onderdonkii
0.006941592781314832	d__Bacteria	p__Firmicutes_A	c__Clostridia	o__Lachnospirales	f__Lachnospiraceae	g__Dorea_A	s__Dorea_A longicatena
0.0068523233268226146	d__Bacteria	p__Firmicutes_A	c__Clostridia	o__Lachnospirales	f__Lachnospiraceae	g__Agathobacter	s__Agathobacter faecis
0.006798761654127284	d__Bacteria	p__Bacteroidota	c__Bacteroidia	o__Bacteroidales	f__Tannerellaceae	g__Parabacteroides	s__Parabacteroides distasonis
0.0065738026288068956	d__Bacteria	p__Firmicutes_A	c__Clostridia	o__Lachnospirales	f__Lachnospiraceae	g__Bariatricus	s__Bariatricus comes
0.006223866367197403	d__Bacteria	p__Bacteroidota	c__Bacteroidia	o__Bacteroidales	f__Rikenellaceae	g__Alistipes	s__Alistipes dispar
0.005952487225541062	d__Bacteria	p__Firmicutes_A	c__Clostridia	o__Lachnospirales	f__Lachnospiraceae	g__Blautia_A	s__Blautia_A massiliensis
0.005916779443744176	d__Bacteria	p__Firmicutes_A	c__Clostridia	o__Lachnospirales	f__Lachnospiraceae	g__Anaerostipes	s__Anaerostipes hadrus
0.005745382091119118	d__Bacteria	p__Firmicutes_A	c__Clostridia	o__Oscillospirales	f__Ruminococcaceae	g__Gemmiger	s__Gemmiger formicilis
0.005634687967548768	d__Bacteria	p__Firmicutes_A	c__Clostridia	o__Lachnospirales	f__Lachnospiraceae	g__Mediterraneibacter	s__Mediterraneibacter faecis
0.005513281509439352	d__Bacteria	p__Firmicutes_A	c__Clostridia	o__Lachnospirales	f__Lachnospiraceae	g__Anaerobutyricum	s__Anaerobutyricum soehngenii
0.005406158164048691	d__Bacteria	p__Firmicutes_A	c__Clostridia	o__Lachnospirales	f__Lachnospiraceae	g__Dorea	s__Dorea formicigenerans
0.005377591938611181	d__Bacteria	p__Bacteroidota	c__Bacteroidia	o__Bacteroidales	f__Bacteroidaceae	g__Phocaeicola	s__Phocaeicola coprocola
0.005131208244212661	d__Bacteria	p__Firmicutes_A	c__Clostridia	o__Oscillospirales	f__Ruminococcaceae	g__Faecalibacterium	s__Faecalibacterium prausnitzii_C
0.005113354353314218	d__Bacteria	p__Bacteroidota	c__Bacteroidia	o__Bacteroidales	f__Tannerellaceae	g__Parabacteroides	s__Parabacteroides merdae
0.005009801786103245	d__Bacteria	p__Bacteroidota	c__Bacteroidia	o__Bacteroidales	f__Bacteroidaceae	g__Paraprevotella	s__Paraprevotella clara
0.0049241031097907164	d__Bacteria	p__Firmicutes	c__Bacilli	o__Erysipelotrichales	f__Erysipelatoclostridiaceae	g__Faecalibacillus	s__Faecalibacillus intestinalis
0.004881253771634452	d__Bacteria	p__Firmicutes_A	c__Clostridia	o__Oscillospirales	f__Butyricicoccaceae	g__Agathobaculum	s__Agathobaculum butyriciproducens
0.004816979764400055	d__Bacteria	p__Firmicutes_A	c__Clostridia	o__Oscillospirales	f__Butyricicoccaceae	g__Agathobaculum	s__Agathobaculum sp900291975
0.004799125873501613	d__Bacteria	p__Firmicutes_A	c__Clostridia	o__Lachnospirales	f__Lachnospiraceae	g__Enterocloster	s__Enterocloster bolteae
0.004688431749931263	d__Bacteria	p__Firmicutes_A	c__Clostridia	o__Lachnospirales	f__Lachnospiraceae	g__Eubacterium_I	s__Eubacterium_I ramulus
0.004684860971751574	d__Bacteria	p__Bacteroidota	c__Bacteroidia	o__Bacteroidales	f__Rikenellaceae	g__Alistipes	s__Alistipes communis
0.004649153189954687	d__Bacteria	p__Firmicutes_A	c__Clostridia	o__Oscillospirales	f__Ruminococcaceae	g__Faecalibacterium	s__Faecalibacterium prausnitzii_D
0.004470614280970252	d__Bacteria	p__Firmicutes_A	c__Clostridia	o__Lachnospirales	f__Lachnospiraceae	g__Ruminococcus_A	s__Ruminococcus_A sp003011855
0.0043527786010405245	d__Bacteria	p__Firmicutes_A	c__Clostridia	o__Lachnospirales	f__Lachnospiraceae	g__Ruminococcus_B	s__Ruminococcus_B gnavus
0.0043277831537827036	d__Bacteria	p__Firmicutes_A	c__Clostridia	o__Lachnospirales	f__Lachnospiraceae	g__UBA7160	s__UBA7160 sp902363135
0.004259938368368618	d__Bacteria	p__Bacteroidota	c__Bacteroidia	o__Bacteroidales	f__Bacteroidaceae	g__Phocaeicola	s__Phocaeicola dorei
0.004142102688438892	d__Bacteria	p__Firmicutes_A	c__Clostridia	o__Oscillospirales	f__Oscillospiraceae	g__CAG-103	s__CAG-103 sp000432375
0.004109965684821693	d__Bacteria	p__Firmicutes_A	c__Clostridia	o__Lachnospirales	f__Lachnospiraceae	g__Blautia_A	s__Blautia_A obeum_B
0.004013554673970098	d__Bacteria	p__Actinobacteriota	c__Coriobacteriia	o__Coriobacteriales	f__Eggerthellaceae	g__Gordonibacter	s__Gordonibacter urolithinfaciens
0.00400998389579041	d__Bacteria	p__Firmicutes	c__Bacilli	o__Lactobacillales	f__Streptococcaceae	g__Streptococcus	s__Streptococcus salivarius
0.003795737205009088	d__Bacteria	p__Firmicutes_A	c__Clostridia	o__Oscillospirales	f__Ruminococcaceae	g__Faecalibacterium	s__Faecalibacterium prausnitzii
0.0036779015250793605	d__Bacteria	p__Bacteroidota	c__Bacteroidia	o__Bacteroidales	f__Bacteroidaceae	g__Phocaeicola	s__Phocaeicola plebeius_A
0.0035957736269465203	d__Bacteria	p__Firmicutes	c__Bacilli	o__Erysipelotrichales	f__Erysipelotrichaceae	g__Clostridium_AQ	s__Clostridium_AQ sp000165065
0.0035243580633527467	d__Bacteria	p__Bacteroidota	c__Bacteroidia	o__Bacteroidales	f__Bacteroidaceae	g__Bacteroides	s__Bacteroides fragilis
0.003288686703493292	d__Bacteria	p__Firmicutes_A	c__Clostridia	o__Lachnospirales	f__Lachnospiraceae	g__Sellimonas	s__Sellimonas intestinalis
0.003245837365337028	d__Bacteria	p__Firmicutes_A	c__Clostridia	o__Lachnospirales	f__Lachnospiraceae	g__GCA-900066135	s__GCA-900066135 sp900543575
0.00318513413628232	d__Bacteria	p__Actinobacteriota	c__Coriobacteriia	o__Coriobacteriales	f__Coriobacteriaceae	g__Collinsella	s__Collinsella sp003436275
0.003163709467204188	d__Bacteria	p__Firmicutes_C	c__Negativicutes	o__Veillonellales	f__Dialisteraceae	g__Dialister	s__Dialister hominis
0.003149426354485433	d__Bacteria	p__Firmicutes	c__Bacilli	o__Lactobacillales	f__Lactobacillaceae	g__Ligilactobacillus	s__Ligilactobacillus ruminis
0.0031315724635869895	d__Bacteria	p__Firmicutes_A	c__Clostridia	o__Lachnospirales	f__Lachnospiraceae	g__Blautia_A	s__Blautia_A sp000285855
0.003006595227297885	d__Bacteria	p__Actinobacteriota	c__Coriobacteriia	o__Coriobacteriales	f__Coriobacteriaceae	g__Enorma	s__Enorma massiliensis
0.0027602115328993647	d__Bacteria	p__Firmicutes_A	c__Clostridia	o__Lachnospirales	f__Lachnospiraceae	g__Enterocloster	s__Enterocloster citroniae
0.0026673713002274588	d__Bacteria	p__Firmicutes_A	c__Clostridia	o__Oscillospirales	f__Oscillospiraceae	g__ER4	s__ER4 sp000765235
0.00266380052204777	d__Bacteria	p__Firmicutes_A	c__Clostridia	o__Lachnospirales	f__Lachnospiraceae	g__UMGS1472	s__UMGS1472 sp900552095
0.0025602479548367976	d__Bacteria	p__Firmicutes_A	c__Clostridia	o__Lachnospirales	f__Lachnospiraceae	g__Roseburia	s__Roseburia sp900552665
0.002545964842118043	d__Bacteria	p__Firmicutes	c__Bacilli	o__Lactobacillales	f__Streptococcaceae	g__Streptococcus	s__Streptococcus sp000448565
0.002456695387625825	d__Bacteria	p__Firmicutes_A	c__Clostridia	o__Lachnospirales	f__Lachnospiraceae	g__Blautia_A	s__Blautia_A sp003480185
0.002424558384008627	d__Bacteria	p__Firmicutes	c__Bacilli	o__Lactobacillales	f__Enterococcaceae	g__Enterococcus	s__Enterococcus faecalis
0.002356713598594542	d__Bacteria	p__Firmicutes_A	c__Clostridia	o__Lachnospirales	f__Lachnospiraceae	g__Coprococcus_A	s__Coprococcus_A catus
0.002281727256821079	d__Bacteria	p__Proteobacteria	c__Gammaproteobacteria	o__Burkholderiales	f__Burkholderiaceae	g__Turicimonas	s__Turicimonas sp900542195
0.0022781564786413903	d__Bacteria	p__Bacteroidota	c__Bacteroidia	o__Bacteroidales	f__Bacteroidaceae	g__Phocaeicola	s__Phocaeicola coprophilus
0.0022638733659226355	d__Bacteria	p__Bacteroidota	c__Bacteroidia	o__Bacteroidales	f__Bacteroidaceae	g__Bacteroides	s__Bacteroides sp900557355
0.002231736362305437	d__Bacteria	p__Firmicutes_A	c__Clostridia	o__Lachnospirales	f__Lachnospiraceae	g__GCA-900066135	s__GCA-900066135 sp900066135
0.0021888870241491727	d__Bacteria	p__Firmicutes_A	c__Clostridia	o__Lachnospirales	f__Lachnospiraceae	g__Eubacterium_G	s__Eubacterium_G ventriosum
0.001996065002445983	d__Bacteria	p__Firmicutes_A	c__Clostridia	o__Lachnospirales	f__Lachnospiraceae	g__OF09-33XD	s__OF09-33XD sp003481995
0.0018889416570553221	d__Bacteria	p__Bacteroidota	c__Bacteroidia	o__Bacteroidales	f__Marinifilaceae	g__Odoribacter	s__Odoribacter splanchnicus
0.0018889416570553221	d__Bacteria	p__Bacteroidota	c__Bacteroidia	o__Bacteroidales	f__Bacteroidaceae	g__Bacteroides	s__Bacteroides sp900755095
0.001878229322516256	d__Bacteria	p__Firmicutes_A	c__Clostridia	o__Lachnospirales	f__Lachnospiraceae	g__Blautia_A	s__Blautia_A luti
0.001878229322516256	d__Bacteria	p__Firmicutes_A	c__Clostridia	o__Lachnospirales	f__Lachnospiraceae	g__Enterocloster	s__Enterocloster asparagiformis
0.0018353799843599916	d__Bacteria	p__Firmicutes_A	c__Clostridia	o__Lachnospirales	f__Lachnospiraceae	g__Clostridium_Q	s__Clostridium_Q sp003024715
0.001781818311664661	d__Bacteria	p__Bacteroidota	c__Bacteroidia	o__Bacteroidales	f__Marinifilaceae	g__Butyricimonas	s__Butyricimonas paravirosa
0.0017639644207662177	d__Bacteria	p__Actinobacteriota	c__Actinomycetia	o__Actinomycetales	f__Micrococcaceae	g__Rothia	s__Rothia mucilaginosa_A
0.0016889780789927549	d__Bacteria	p__Firmicutes_A	c__Clostridia	o__Lachnospirales	f__Lachnospiraceae	g__Lachnospira	s__Lachnospira eligens_A
0.0016425579626568017	d__Bacteria	p__Firmicutes_A	c__Clostridia	o__Lachnospirales	f__Lachnospiraceae	g__UBA7160	s__UBA7160 sp902363665
0.0016032794026802262	d__Bacteria	p__Firmicutes_A	c__Clostridia	o__Lachnospirales	f__Lachnospiraceae	g__KLE1615	s__KLE1615 sp900066985
0.0015854255117817826	d__Bacteria	p__Firmicutes_A	c__Clostridia	o__Oscillospirales	f__Oscillospiraceae	g__Lawsonibacter	s__Lawsonibacter asaccharolyticus
0.0015354346172661408	d__Bacteria	p__Bacteroidota	c__Bacteroidia	o__Bacteroidales	f__Bacteroidaceae	g__Bacteroides	s__Bacteroides xylanisolvens
0.0015175807263676973	d__Bacteria	p__Firmicutes	c__Bacilli	o__Erysipelotrichales	f__Erysipelotrichaceae	g__Clostridium_AQ	s__Clostridium_AQ innocuum
0.0014711606100317443	d__Bacteria	p__Proteobacteria	c__Gammaproteobacteria	o__Enterobacterales	f__Enterobacteriaceae	g__Escherichia	s__Escherichia coli_D
0.001439023606414546	d__Bacteria	p__Firmicutes_A	c__Clostridia	o__Lachnospirales	f__Lachnospiraceae	g__Anaerostipes	s__Anaerostipes caccae
0.0014318820500551686	d__Bacteria	p__Firmicutes_A	c__Clostridia	o__Lachnospirales	f__Lachnospiraceae	g__Blautia_A	s__Blautia_A sp900066505
0.0013926034900785928	d__Bacteria	p__Firmicutes_A	c__Clostridia	o__Lachnospirales	f__Lachnospiraceae	g__Lachnoclostridium_B	s__Lachnoclostridium_B sp900066555
0.0013854619337192154	d__Bacteria	p__Firmicutes_A	c__Clostridia	o__Lachnospirales	f__Lachnospiraceae	g__Blautia_A	s__Blautia_A wexlerae_A
0.0013426125955629511	d__Bacteria	p__Proteobacteria	c__Alphaproteobacteria	o__Rhizobiales	f__Xanthobacteraceae	g__Bradyrhizobium	s__Bradyrhizobium sp003020075
0.0013354710392035737	d__Bacteria	p__Actinobacteriota	c__Coriobacteriia	o__Coriobacteriales	f__Coriobacteriaceae	g__Collinsella	s__Collinsella aerofaciens_N
0.001246201584711356	d__Bacteria	p__Firmicutes_A	c__Clostridia	o__Lachnospirales	f__Lachnospiraceae	g__CAG-81	s__CAG-81 sp900066535
0.0011926399120160257	d__Bacteria	p__Bacteroidota	c__Bacteroidia	o__Bacteroidales	f__Bacteroidaceae	g__Bacteroides	s__Bacteroides sp003463205
0.0011747860211175822	d__Bacteria	p__Firmicutes_A	c__Clostridia	o__Lachnospirales	f__Lachnospiraceae	g__Roseburia	s__Roseburia intestinalis
0.0011497905738597613	d__Bacteria	p__Firmicutes_A	c__Clostridia	o__Lachnospirales	f__Lachnospiraceae	g__Anaerostipes	s__Anaerostipes hadrus_B
0.0011390782393206952	d__Bacteria	p__Firmicutes_A	c__Clostridia	o__Oscillospirales	f__Oscillospiraceae	g__UMGS1766	s__UMGS1766 sp900554855
0.0011355074611410065	d__Bacteria	p__Firmicutes	c__Bacilli	o__Lactobacillales	f__Lactobacillaceae	g__Lactobacillus	s__Lactobacillus johnsonii
0.0010855165666253646	d__Bacteria	p__Firmicutes_A	c__Clostridia	o__Lachnospirales	f__Lachnospiraceae	g__Hungatella	s__Hungatella sp005845265
0.0010819457884456759	d__Bacteria	p__Firmicutes_A	c__Clostridia	o__Lachnospirales	f__Lachnospiraceae	g__Anaerobutyricum	s__Anaerobutyricum sp900554965
0.0010212425593909681	d__Bacteria	p__Firmicutes_A	c__Clostridia	o__Oscillospirales	f__Oscillospiraceae	g__Flavonifractor	s__Flavonifractor plautii
0.0009891055557737698	d__Bacteria	p__Firmicutes_A	c__Clostridia	o__Lachnospirales	f__Lachnospiraceae	g__Agathobacter	s__Agathobacter sp900557055
0.0009605393303362601	d__Bacteria	p__Firmicutes	c__Bacilli	o__Lactobacillales	f__Streptococcaceae	g__Streptococcus	s__Streptococcus parasanguinis_B
0.0008819822103831088	d__Bacteria	p__Firmicutes_A	c__Clostridia	o__Lachnospirales	f__Lachnospiraceae	g__Dorea_A	s__Dorea_A longicatena_B
0.0008569867631252879	d__Bacteria	p__Bacteroidota	c__Bacteroidia	o__Bacteroidales	f__Bacteroidaceae	g__Phocaeicola	s__Phocaeicola sp900553715
0.0008355620940471557	d__Bacteria	p__Bacteroidota	c__Bacteroidia	o__Bacteroidales	f__Tannerellaceae	g__Parabacteroides	s__Parabacteroides distasonis_A
0.000831991315867467	d__Bacteria	p__Actinobacteriota	c__Coriobacteriia	o__Coriobacteriales	f__Coriobacteriaceae	g__Collinsella	s__Collinsella sp900542165
0.0008248497595080896	d__Bacteria	p__Firmicutes_A	c__Clostridia	o__Lachnospirales	f__Lachnospiraceae	g__Agathobacter	s__Agathobacter sp900317585
0.0008212789813284009	d__Bacteria	p__Firmicutes_A	c__Clostridia	o__Oscillospirales	f__Oscillospiraceae	g__CAG-83	s__CAG-83 sp000435975
0.0008105666467893349	d__Bacteria	p__Firmicutes	c__Bacilli	o__Lactobacillales	f__Streptococcaceae	g__Streptococcus	s__Streptococcus sp001556435
0.0007998543122502687	d__Bacteria	p__Firmicutes	c__Bacilli	o__Lactobacillales	f__Lactobacillaceae	g__Lacticaseibacillus	s__Lacticaseibacillus paracasei
0.0007784296431721365	d__Bacteria	p__Firmicutes_A	c__Clostridia	o__Lachnospirales	f__Lachnospiraceae	g__Bariatricus	s__Bariatricus comes_A
0.0007748588649924478	d__Bacteria	p__Firmicutes_A	c__Clostridia	o__Lachnospirales	f__Lachnospiraceae	g__Eubacterium_I	s__Eubacterium_I sp900557275
0.000760575752273693	d__Bacteria	p__Firmicutes_A	c__Clostridia	o__Oscillospirales	f__Ruminococcaceae	g__Faecalibacterium	s__Faecalibacterium prausnitzii_A
0.0007534341959143156	d__Bacteria	p__Firmicutes_A	c__Clostridia	o__Oscillospirales	f__Oscillospiraceae	g__NK3B98	s__NK3B98 sp900758315
0.0007320095268361834	d__Bacteria	p__Firmicutes_A	c__Clostridia	o__Lachnospirales	f__Lachnospiraceae	g__Enterocloster	s__Enterocloster sp900543885
0.000724867970476806	d__Bacteria	p__Firmicutes_A	c__Clostridia	o__Lachnospirales	f__Lachnospiraceae	g__Mediterraneibacter_A	s__Mediterraneibacter_A butyricigenes
0.000689160188679919	d__Bacteria	p__Firmicutes_A	c__Clostridia	o__Lachnospirales	f__Lachnospiraceae	g__Ruminococcus_A	s__Ruminococcus_A faecicola
0.0006855894105002303	d__Bacteria	p__Proteobacteria	c__Gammaproteobacteria	o__Burkholderiales	f__Burkholderiaceae	g__Turicimonas	s__Turicimonas muris
0.0006748770759611642	d__Bacteria	p__Firmicutes_A	c__Clostridia	o__Lachnospirales	f__Lachnospiraceae	g__Roseburia	s__Roseburia inulinivorans
0.0006748770759611642	d__Bacteria	p__Firmicutes_A	c__Clostridia	o__Lachnospirales	f__Lachnospiraceae	g__Blautia_A	s__Blautia_A sp900066145
0.000653452406883032	d__Bacteria	p__Actinobacteriota	c__Coriobacteriia	o__Coriobacteriales	f__Eggerthellaceae	g__Gordonibacter	s__Gordonibacter pamelaeae
0.0006498816287033433	d__Bacteria	p__Firmicutes_A	c__Clostridia	o__Lachnospirales	f__Lachnospiraceae	g__Blautia_A	s__Blautia_A wexlerae_B
0.0006355985159845885	d__Bacteria	p__Firmicutes_A	c__Clostridia	o__Lachnospirales	f__Lachnospiraceae	g__Schaedlerella	s__Schaedlerella sp900066545
0.0006320277378048998	d__Bacteria	p__Bacteroidota	c__Bacteroidia	o__Bacteroidales	f__Bacteroidaceae	g__Bacteroides	s__Bacteroides rodentium
0.0005963199560080129	d__Bacteria	p__Firmicutes_A	c__Clostridia	o__Oscillospirales	f__Acutalibacteraceae	g__Anaeromassilibacillus	s__Anaeromassilibacillus sp002159845
0.0005963199560080129	d__Bacteria	p__Firmicutes_A	c__Clostridia	o__Lachnospirales	f__Lachnospiraceae	g__Blautia_A	s__Blautia_A sp900751995
0.0005748952869298806	d__Bacteria	p__Firmicutes	c__Bacilli	o__Lactobacillales	f__Streptococcaceae	g__Streptococcus	s__Streptococcus parasanguinis_A
0.0005713245087501919	d__Bacteria	p__Actinobacteriota	c__Coriobacteriia	o__Coriobacteriales	f__Coriobacteriaceae	g__Collinsella	s__Collinsella sp003459245
0.0005606121742111258	d__Bacteria	p__Firmicutes_A	c__Clostridia	o__Lachnospirales	f__Lachnospiraceae	g__Agathobacter	s__Agathobacter sp900546625
0.0005534706178517484	d__Bacteria	p__Firmicutes_A	c__Clostridia	o__Lachnospirales	f__Lachnospiraceae	g__Eisenbergiella	s__Eisenbergiella sp900066775
0.000546329061492371	d__Bacteria	p__Actinobacteriota	c__Actinomycetia	o__Actinomycetales	f__Bifidobacteriaceae	g__Bifidobacterium	s__Bifidobacterium longum
0.000546329061492371	d__Bacteria	p__Firmicutes	c__Bacilli	o__Erysipelotrichales	f__Erysipelatoclostridiaceae	g__Erysipelatoclostridium	s__Erysipelatoclostridium ramosum
0.0005070505015157954	d__Bacteria	p__Synergistota	c__Synergistia	o__Synergistales	f__Synergistaceae	g__Cloacibacillus	s__Cloacibacillus evryensis
0.0005034797233361067	d__Bacteria	p__Proteobacteria	c__Gammaproteobacteria	o__Enterobacterales	f__Enterobacteriaceae	g__Escherichia	s__Escherichia flexneri
0.0004963381669767292	d__Bacteria	p__Bacteroidota	c__Bacteroidia	o__Bacteroidales	f__Bacteroidaceae	g__Bacteroides	s__Bacteroides faecis
0.0004963381669767292	d__Bacteria	p__Firmicutes_A	c__Clostridia	o__Lachnospirales	f__Lachnospiraceae	g__Fusicatenibacter	s__Fusicatenibacter sp900772675
0.0004856258324376631	d__Bacteria	p__Bacteroidota	c__Bacteroidia	o__Bacteroidales	f__Rikenellaceae	g__Alistipes	s__Alistipes shahii
0.0004856258324376631	d__Bacteria	p__Firmicutes_A	c__Clostridia	o__Lachnospirales	f__Lachnospiraceae	g__Eubacterium_I	s__Eubacterium_I ramulus_A
0.0004784842760782857	d__Bacteria	p__Firmicutes_A	c__Clostridia	o__Lachnospirales	f__Lachnospiraceae	g__Mediterraneibacter	s__Mediterraneibacter torques
0.0004784842760782857	d__Bacteria	p__Firmicutes_A	c__Clostridia	o__Lachnospirales	f__Lachnospiraceae	g__Lachnospira	s__Lachnospira rogosae_A
0.00047491349789859706	d__Bacteria	p__Firmicutes_A	c__Clostridia	o__Oscillospirales	f__Ruminococcaceae	g__Faecalibacterium	s__Faecalibacterium prausnitzii_J
0.00047134271971890836	d__Bacteria	p__Bacteroidota	c__Bacteroidia	o__Bacteroidales	f__Bacteroidaceae	g__Bacteroides	s__Bacteroides sp900761785
0.00046777194153921965	d__Bacteria	p__Bacteroidota	c__Bacteroidia	o__Bacteroidales	f__Bacteroidaceae	g__Phocaeicola	s__Phocaeicola sp900751965
0.00045348882882046483	d__Bacteria	p__Firmicutes_A	c__Clostridia	o__Eubacteriales	f__Eubacteriaceae	g__Eubacterium	s__Eubacterium limosum
0.00044991805064077613	d__Bacteria	p__Firmicutes_A	c__Clostridia	o__Lachnospirales	f__Lachnospiraceae	g__Blautia_A	s__Blautia_A sp003477525
0.0004463472724610874	d__Bacteria	p__Firmicutes_A	c__Clostridia	o__Peptostreptococcales	f__Peptostreptococcaceae	g__Intestinibacter	s__Intestinibacter sp900553485
0.00043920571610171007	d__Bacteria	p__Firmicutes_A	c__Clostridia	o__Lachnospirales	f__Lachnospiraceae	g__AM51-8	s__AM51-8 sp900546435
0.00043206415974233266	d__Bacteria	p__Firmicutes_A	c__Clostridia	o__Lachnospirales	f__Lachnospiraceae	g__Blautia_A	s__Blautia_A schinkii
0.00042849338156264395	d__Bacteria	p__Bacteroidota	c__Bacteroidia	o__Bacteroidales	f__Bacteroidaceae	g__Bacteroides	s__Bacteroides sp900556625
0.00042135182520326654	d__Bacteria	p__Bacteroidota	c__Bacteroidia	o__Bacteroidales	f__Bacteroidaceae	g__Bacteroides	s__Bacteroides sp900765785
0.00041778104702357784	d__Bacteria	p__Firmicutes_A	c__Clostridia	o__Lachnospirales	f__Lachnospiraceae	g__Enterocloster	s__Enterocloster sp000431375
0.00041421026884388913	d__Bacteria	p__Firmicutes_A	c__Clostridia	o__Lachnospirales	f__Lachnospiraceae	g__Merdimonas	s__Merdimonas faecis
0.00041421026884388913	d__Bacteria	p__Actinobacteriota	c__Coriobacteriia	o__Coriobacteriales	f__Coriobacteriaceae	g__Collinsella	s__Collinsella sp900542945
0.00041421026884388913	d__Bacteria	p__Firmicutes_A	c__Clostridia	o__Lachnospirales	f__Lachnospiraceae	g__Anaerobutyricum	s__Anaerobutyricum hallii
0.0004070687124845117	d__Bacteria	p__Bacteroidota	c__Bacteroidia	o__Bacteroidales	f__Marinifilaceae	g__Butyricimonas	s__Butyricimonas faecihominis
0.00038921482158606825	d__Bacteria	p__Firmicutes	c__Bacilli	o__Lactobacillales	f__Streptococcaceae	g__Streptococcus	s__Streptococcus parasanguinis_D
0.00038564404340637955	d__Bacteria	p__Firmicutes_A	c__Clostridia	o__Lachnospirales	f__Lachnospiraceae	g__Acetatifactor	s__Acetatifactor sp900066365
0.00038564404340637955	d__Bacteria	p__Firmicutes	c__Bacilli	o__Lactobacillales	f__Streptococcaceae	g__Streptococcus	s__Streptococcus pseudopneumoniae_O
0.00038564404340637955	d__Bacteria	p__Actinobacteriota	c__Coriobacteriia	o__Coriobacteriales	f__Atopobiaceae	g__UMGS1418	s__UMGS1418 sp900551595
0.00037850248704700214	d__Bacteria	p__Firmicutes	c__Bacilli	o__Lactobacillales	f__Enterococcaceae	g__Enterococcus_D	s__Enterococcus_D sp002850555
0.00036064859614855867	d__Bacteria	p__Firmicutes_A	c__Clostridia	o__Oscillospirales	f__Ruminococcaceae	g__Faecalibacterium	s__Faecalibacterium sp900539885
0.00034993626160949255	d__Bacteria	p__Firmicutes_A	c__Clostridia	o__Lachnospirales	f__Lachnospiraceae	g__Faecalimonas	s__Faecalimonas sp900556835
0.00034636548342980385	d__Bacteria	p__Firmicutes_A	c__Clostridia	o__Lachnospirales	f__Lachnospiraceae	g__Blautia_A	s__Blautia_A sp900066355
0.00034636548342980385	d__Bacteria	p__Firmicutes_A	c__Clostridia	o__Oscillospirales	f__Butyricicoccaceae	g__Agathobaculum	s__Agathobaculum sp003481705
0.00034279470525011514	d__Bacteria	p__Actinobacteriota	c__Coriobacteriia	o__Coriobacteriales	f__Eggerthellaceae	g__Eggerthella	s__Eggerthella lenta
0.00033922392707042644	d__Bacteria	p__Firmicutes_A	c__Clostridia	o__Lachnospirales	f__Lachnospiraceae	g__Roseburia	s__Roseburia hominis
0.00033922392707042644	d__Bacteria	p__Firmicutes_A	c__Clostridia	o__Lachnospirales	f__Lachnospiraceae	g__Faecalimonas	s__Faecalimonas phoceensis
0.00033922392707042644	d__Bacteria	p__Firmicutes_A	c__Clostridia	o__Lachnospirales	f__Lachnospiraceae	g__Blautia_A	s__Blautia_A sp000436615
0.0003320823707110491	d__Bacteria	p__Bacteroidota	c__Bacteroidia	o__Bacteroidales	f__Rikenellaceae	g__Alistipes_A	s__Alistipes_A ihumii
0.00032494081435167167	d__Bacteria	p__Firmicutes_A	c__Clostridia	o__Oscillospirales	f__Ruminococcaceae	g__Faecalibacterium	s__Faecalibacterium sp900765705
0.00032494081435167167	d__Bacteria	p__Firmicutes_A	c__Clostridia	o__Oscillospirales	f__Ruminococcaceae	g__Gemmiger	s__Gemmiger sp900540595
0.00032137003617198297	d__Bacteria	p__Bacteroidota	c__Bacteroidia	o__Bacteroidales	f__Bacteroidaceae	g__Bacteroides	s__Bacteroides gallinarum
0.00032137003617198297	d__Bacteria	p__Firmicutes	c__Bacilli	o__Lactobacillales	f__Streptococcaceae	g__Streptococcus	s__Streptococcus gordonii
0.00031779925799229426	d__Bacteria	p__Firmicutes_A	c__Clostridia	o__Lachnospirales	f__Lachnospiraceae	g__Blautia_A	s__Blautia_A sp900756405
0.00031422847981260556	d__Bacteria	p__Bacteroidota	c__Bacteroidia	o__Bacteroidales	f__Bacteroidaceae	g__Bacteroides	s__Bacteroides sp902362375
0.00031065770163291685	d__Bacteria	p__Firmicutes_A	c__Clostridia	o__Oscillospirales	f__Oscillospiraceae	g__CAG-103	s__CAG-103 sp900543625
0.00030708692345322815	d__Bacteria	p__Bacteroidota	c__Bacteroidia	o__Bacteroidales	f__Bacteroidaceae	g__Paraprevotella	s__Paraprevotella xylaniphila
0.00030351614527353944	d__Bacteria	p__Actinobacteriota	c__Actinomycetia	o__Actinomycetales	f__Actinomycetaceae	g__Pauljensenia	s__Pauljensenia sp001838165
0.00030351614527353944	d__Bacteria	p__Desulfobacterota	c__Desulfovibrionia	o__Desulfovibrionales	f__Desulfovibrionaceae	g__Desulfovibrio	s__Desulfovibrio sp900540515
0.0002999453670938508	d__Bacteria	p__Firmicutes	c__Bacilli	o__Erysipelotrichales	f__Erysipelotrichaceae	g__Holdemanella	s__Holdemanella sp900551285
0.0002963745889141621	d__Bacteria	p__Firmicutes_A	c__Clostridia	o__Lachnospirales	f__Lachnospiraceae	g__Eisenbergiella	s__Eisenbergiella tayi
0.0002963745889141621	d__Bacteria	p__Actinobacteriota	c__Coriobacteriia	o__Coriobacteriales	f__Coriobacteriaceae	g__Collinsella	s__Collinsella sp900541125
0.0002928038107344734	d__Bacteria	p__Bacteroidota	c__Bacteroidia	o__Bacteroidales	f__Bacteroidaceae	g__Prevotella	s__Prevotella sp003447235
0.0002892330325547847	d__Bacteria	p__Bacteroidota	c__Bacteroidia	o__Bacteroidales	f__Rikenellaceae	g__Alistipes	s__Alistipes finegoldii
0.0002892330325547847	d__Bacteria	p__Firmicutes_A	c__Clostridia	o__Lachnospirales	f__Lachnospiraceae	g__Eubacterium_G	s__Eubacterium_G sp900552275
0.00028209147619540726	d__Bacteria	p__Firmicutes_A	c__Clostridia	o__Oscillospirales	f__Oscillospiraceae	g__CAG-110	s__CAG-110 sp003525905
0.00028209147619540726	d__Bacteria	p__Bacteroidota	c__Bacteroidia	o__Bacteroidales	f__Coprobacteraceae	g__Coprobacter	s__Coprobacter sp900555475
0.00027852069801571856	d__Bacteria	p__Firmicutes_A	c__Clostridia	o__Lachnospirales	f__Lachnospiraceae	g__Schaedlerella	s__Schaedlerella glycyrrhizinilytica
0.00027852069801571856	d__Bacteria	p__Firmicutes	c__Bacilli	o__Lactobacillales	f__Lactobacillaceae	g__Ligilactobacillus	s__Ligilactobacillus saerimneri
0.00027494991983602985	d__Bacteria	p__Bacteroidota	c__Bacteroidia	o__Bacteroidales	f__Bacteroidaceae	g__43-108	s__43-108 sp001915545
0.00027494991983602985	d__Bacteria	p__Firmicutes	c__Bacilli	o__Lactobacillales	f__Streptococcaceae	g__Streptococcus	s__Streptococcus sp900766505
0.00026780836347665244	d__Bacteria	p__Actinobacteriota	c__Coriobacteriia	o__Coriobacteriales	f__Coriobacteriaceae	g__Collinsella	s__Collinsella sp003469185
0.0002606668071172751	d__Bacteria	p__Firmicutes_A	c__Clostridia	o__Lachnospirales	f__Lachnospiraceae	g__Blautia_A	s__Blautia_A sp003471165
0.0002606668071172751	d__Bacteria	p__Bacteroidota	c__Bacteroidia	o__Bacteroidales	f__Bacteroidaceae	g__Bacteroides	s__Bacteroides sp900765805
0.0002535252507578977	d__Bacteria	p__Bacteroidota	c__Bacteroidia	o__Bacteroidales	f__Marinifilaceae	g__Odoribacter	s__Odoribacter sp900762515
0.00024638369439852027	d__Bacteria	p__Firmicutes_A	c__Clostridia	o__Lachnospirales	f__Lachnospiraceae	g__UBA3402	s__UBA3402 sp003478355
0.00024638369439852027	d__Bacteria	p__Firmicutes_A	c__Clostridia	o__Oscillospirales	f__Oscillospiraceae	g__ER4	s__ER4 sp900552015
0.00024281291621883156	d__Bacteria	p__Firmicutes_A	c__Clostridia	o__Oscillospirales	f__Oscillospiraceae	g__CAG-103	s__CAG-103 sp900317855
0.00023924213803914286	d__Bacteria	p__Actinobacteriota	c__Coriobacteriia	o__Coriobacteriales	f__Coriobacteriaceae	g__Collinsella	s__Collinsella sp900540875
0.00023924213803914286	d__Bacteria	p__Bacteroidota	c__Bacteroidia	o__Bacteroidales	f__Bacteroidaceae	g__Phocaeicola	s__Phocaeicola plebeius
0.00023924213803914286	d__Bacteria	p__Firmicutes_A	c__Clostridia	o__Lachnospirales	f__Lachnospiraceae	g__Faecalimonas	s__Faecalimonas sp900550975
0.00023924213803914286	d__Bacteria	p__Firmicutes_A	c__Clostridia	o__Oscillospirales	f__Acutalibacteraceae	g__CAG-177	s__CAG-177 sp003514385
0.00023924213803914286	d__Bacteria	p__Actinobacteriota	c__Coriobacteriia	o__Coriobacteriales	f__Eggerthellaceae	g__Eggerthella	s__Eggerthella timonensis
0.00023567135985945418	d__Bacteria	p__Firmicutes	c__Bacilli	o__Lactobacillales	f__Streptococcaceae	g__Streptococcus	s__Streptococcus sanguinis
0.00023210058167976547	d__Bacteria	p__Bacteroidota	c__Bacteroidia	o__Bacteroidales	f__Bacteroidaceae	g__Bacteroides	s__Bacteroides sp007097645
0.00022852980350007677	d__Bacteria	p__Bacteroidota	c__Bacteroidia	o__Bacteroidales	f__Bacteroidaceae	g__Phocaeicola	s__Phocaeicola sartorii
0.00022852980350007677	d__Bacteria	p__Firmicutes_A	c__Clostridia	o__Lachnospirales	f__Lachnospiraceae	g__Clostridium_AP	s__Clostridium_AP sp000509125
0.00022138824714069936	d__Bacteria	p__Proteobacteria	c__Gammaproteobacteria	o__Enterobacterales	f__Enterobacteriaceae	g__Escherichia	s__Escherichia sp005843885
0.00022138824714069936	d__Bacteria	p__Actinobacteriota	c__Coriobacteriia	o__Coriobacteriales	f__Coriobacteriaceae	g__Collinsella	s__Collinsella sp003437035
0.00021424669078132198	d__Bacteria	p__Firmicutes_A	c__Clostridia	o__Oscillospirales	f__Ruminococcaceae	g__Faecalibacterium	s__Faecalibacterium sp003449675
0.00021424669078132198	d__Bacteria	p__Firmicutes	c__Bacilli	o__Lactobacillales	f__Lactobacillaceae	g__Lactiplantibacillus	s__Lactiplantibacillus pentosus
0.00021424669078132198	d__Bacteria	p__Firmicutes	c__Bacilli	o__Lactobacillales	f__Streptococcaceae	g__Streptococcus	s__Streptococcus sp900755085
0.00021067591260163327	d__Bacteria	p__Firmicutes_A	c__Clostridia	o__Lachnospirales	f__Lachnospiraceae	g__Eubacterium_G	s__Eubacterium_G sp900764695
0.00020710513442194457	d__Bacteria	p__Firmicutes_A	c__Clostridia	o__Oscillospirales	f__Oscillospiraceae	g__CAG-170	s__CAG-170 sp900556635
0.00020353435624225586	d__Bacteria	p__Firmicutes_A	c__Clostridia	o__Lachnospirales	f__Lachnospiraceae	g__Lachnospira	s__Lachnospira sp003451515
0.00019639279988287848	d__Bacteria	p__Bacteroidota	c__Bacteroidia	o__Bacteroidales	f__Bacteroidaceae	g__Bacteroides	s__Bacteroides sp002491635
0.00019639279988287848	d__Bacteria	p__Firmicutes_A	c__Clostridia	o__Oscillospirales	f__Oscillospiraceae	g__Lawsonibacter	s__Lawsonibacter sp900066825
0.00019639279988287848	d__Bacteria	p__Firmicutes	c__Bacilli	o__Lactobacillales	f__Streptococcaceae	g__Streptococcus	s__Streptococcus parasanguinis_C
0.00019282202170318977	d__Bacteria	p__Bacteroidota	c__Bacteroidia	o__Bacteroidales	f__Bacteroidaceae	g__Bacteroides	s__Bacteroides massiliensis_A
0.00019282202170318977	d__Archaea	p__Methanobacteriota	c__Methanobacteria	o__Methanobacteriales	f__Methanobacteriaceae	g__Methanobrevibacter_A	s__Methanobrevibacter_A smithii
0.00018925124352350107	d__Bacteria	p__Proteobacteria	c__Gammaproteobacteria	o__Enterobacterales	f__Enterobacteriaceae	g__Escherichia	s__Escherichia coli_C
0.00018925124352350107	d__Bacteria	p__Firmicutes_A	c__Clostridia	o__Lachnospirales	f__Lachnospiraceae	g__Blautia	s__Blautia coccoides
0.00018925124352350107	d__Bacteria	p__Firmicutes_A	c__Clostridia	o__Oscillospirales	f__Ruminococcaceae	g__Faecalibacterium	s__Faecalibacterium prausnitzii_I
0.00018925124352350107	d__Bacteria	p__Actinobacteriota	c__Actinomycetia	o__Actinomycetales	f__Bifidobacteriaceae	g__Bifidobacterium	s__Bifidobacterium breve
0.00018568046534381236	d__Bacteria	p__Firmicutes_A	c__Clostridia	o__Lachnospirales	f__Lachnospiraceae	g__Agathobacter	s__Agathobacter sp900550845
0.00018568046534381236	d__Bacteria	p__Firmicutes	c__Bacilli	o__Lactobacillales	f__Streptococcaceae	g__Streptococcus	s__Streptococcus mitis_AC
0.00018210968716412369	d__Bacteria	p__Firmicutes_A	c__Clostridia	o__Oscillospirales	f__Ruminococcaceae	g__UMGS966	s__UMGS966 sp900547185
0.00018210968716412369	d__Bacteria	p__Bacteroidota	c__Bacteroidia	o__Bacteroidales	f__Tannerellaceae	g__Parabacteroides	s__Parabacteroides sp014287585
0.00017853890898443498	d__Bacteria	p__Firmicutes_A	c__Clostridia	o__Lachnospirales	f__Lachnospiraceae	g__Blautia_A	s__Blautia_A sp900066205
0.00017853890898443498	d__Bacteria	p__Bacteroidota	c__Bacteroidia	o__Bacteroidales	f__Bacteroidaceae	g__Bacteroides	s__Bacteroides cellulosilyticus
0.00017853890898443498	d__Bacteria	p__Firmicutes_A	c__Clostridia	o__Oscillospirales	f__Oscillospiraceae	g__Lawsonibacter	s__Lawsonibacter sp900754605
0.00017853890898443498	d__Bacteria	p__Actinobacteriota	c__Actinomycetia	o__Actinomycetales	f__Bifidobacteriaceae	g__Bifidobacterium	s__Bifidobacterium bifidum
0.00017853890898443498	d__Bacteria	p__Actinobacteriota	c__Coriobacteriia	o__Coriobacteriales	f__Coriobacteriaceae	g__Collinsella	s__Collinsella sp900542905
0.4927602472406811	unclassified	unclassified	unclassified	unclassified	unclassified	unclassified	unclassified
